{
    "bolas": [
        {
            "color": [
                241,
                190,
                83
            ],
            "nombre": "marcos",
            "posX": 72.33927917480469,
            "posY": 208.73947143554688,
            "velX": -0.6799999475479126,
            "velY": -0.25999999046325684
        },
        {
            "color": [
                95,
                149,
                173
            ],
            "nombre": "aroa",
            "posX": 753.5369262695312,
            "posY": 232.35052490234375,
            "velX": -0.19999998807907104,
            "velY": -0.07999998331069946
        },
        {
            "color": [
                167,
                223,
                39
            ],
            "nombre": "modest",
            "posX": 398.9805908203125,
            "posY": 237.23281860351562,
            "velX": -0.42000001668930054,
            "velY": -0.6399999856948853
        }
    ]
}
